{
  "drive": {
    "pold": 0.014053,
    "p": 0.01,
    "p9":0.0020645,
    "i": 0,
    "d": 0,
    "f": 0,
    "iz": 0
  },
  "angle": {
    "p": 0.0089636,
    "p9":0.01,
    "i": 0,
    "d": 0,
    "f": 0,
    "iz": 0
  }
}